run_seq,run_date,model_id,split,market,strategy,bets,profit,roi_pct
R01,23 December,27862559,Test,win,FastTrack,7214,-1005.71,-13.94
R01,23 December,27862559,Test,win,Model,7050,-1098.53,-15.58
R01,23 December,27862559,Test,win,Random,7043,-2039.4,-28.96
R01,23 December,27862559,Test,top3,FastTrack,18703,-3181.86,-17.01
R01,23 December,27862559,Test,top3,Model,18008,-2727.76,-15.15
R01,23 December,27862559,Test,top3,Random,17979,-4598.99,-25.58
R01,23 December,27862559,Train,win,FastTrack,22498,-3036.61,-13.5
R01,23 December,27862559,Train,win,Model,21695,-2304.81,-10.62
R01,23 December,27862559,Train,win,Random,21666,-5793.7,-26.74
R01,23 December,27862559,Train,top3,FastTrack,57093,-9605.01,-16.82
R01,23 December,27862559,Train,top3,Model,54831,-7633.93,-13.92
R01,23 December,27862559,Train,top3,Random,54707,-14314.0,-26.16
R02,12 December,27835456,Test,win,FastTrack,7218,-1006.51,-13.94
R02,12 December,27835456,Test,win,Model,7055,-1077.65,-15.27
R02,12 December,27835456,Test,win,Random,7047,-2043.4,-29.0
R02,12 December,27835456,Test,top3,FastTrack,18713,-3188.66,-17.04
R02,12 December,27835456,Test,top3,Model,18040,-2739.0,-15.18
R02,12 December,27835456,Test,top3,Random,17989,-4611.39,-25.63
R02,12 December,27835456,Train,win,FastTrack,22494,-3035.81,-13.5
R02,12 December,27835456,Train,win,Model,21684,-2521.5,-11.63
R02,12 December,27835456,Train,win,Random,21662,-5789.7,-26.73
R02,12 December,27835456,Train,top3,FastTrack,57083,-9598.21,-16.81
R02,12 December,27835456,Train,top3,Model,54815,-7651.02,-13.96
R02,12 December,27835456,Train,top3,Random,54697,-14301.6,-26.15
R03,04 December,27835456,Test,win,FastTrack,3463,-444.1,-12.82
R03,04 December,27835456,Test,win,Model,3412,-608.81,-17.84
R03,04 December,27835456,Test,win,Random,3376,-1185.23,-35.11
R03,04 December,27835456,Test,top3,FastTrack,8974,-1464.05,-16.31
R03,04 December,27835456,Test,top3,Model,8783,-1725.41,-19.64
R03,04 December,27835456,Test,top3,Random,8629,-2475.41,-28.69
R03,04 December,27835456,Train,win,FastTrack,81226,-11379.04,-14.01
R03,04 December,27835456,Train,win,Model,82668,-10929.3,-13.22
R03,04 December,27835456,Train,win,Random,78145,-18159.08,-23.24
R03,04 December,27835456,Train,top3,FastTrack,205892,-33601.94,-16.32
R03,04 December,27835456,Train,top3,Model,205105,-31230.71,-15.23
R03,04 December,27835456,Train,top3,Random,197215,-46368.99,-23.51
R04,04 December,27835263,Test,win,FastTrack,3463,-444.1,-12.82
R04,04 December,27835263,Test,win,Model,3388,-644.73,-19.03
R04,04 December,27835263,Test,win,Random,3376,-1185.23,-35.11
R04,04 December,27835263,Test,top3,FastTrack,8974,-1464.05,-16.31
R04,04 December,27835263,Test,top3,Model,8750,-1514.91,-17.31
R04,04 December,27835263,Test,top3,Random,8629,-2475.41,-28.69
R04,04 December,27835263,Train,win,FastTrack,81226,-11379.01,-14.01
R04,04 December,27835263,Train,win,Model,81717,-10195.69,-12.48
R04,04 December,27835263,Train,win,Random,78145,-18159.14,-23.24
R04,04 December,27835263,Train,top3,FastTrack,205892,-33601.86,-16.32
R04,04 December,27835263,Train,top3,Model,203901,-29692.19,-14.56
R04,04 December,27835263,Train,top3,Random,197215,-46369.03,-23.51
R05,04 December,27835263,Test,win,FastTrack,3463,-444.1,-12.82
R05,04 December,27835263,Test,win,Model,3590,-680.96,-18.97
R05,04 December,27835263,Test,win,Random,3376,-1185.23,-35.11
R05,04 December,27835263,Test,top3,FastTrack,8974,-1464.05,-16.31
R05,04 December,27835263,Test,top3,Model,8972,-1555.58,-17.34
R05,04 December,27835263,Test,top3,Random,8629,-2475.41,-28.69
R05,04 December,27835263,Train,win,FastTrack,80992,-11356.7,-14.02
R05,04 December,27835263,Train,win,Model,86055,-9737.21,-11.32
R05,04 December,27835263,Train,win,Random,77915,-18155.8,-23.3
R05,04 December,27835263,Train,top3,FastTrack,205176,-33552.53,-16.35
R05,04 December,27835263,Train,top3,Model,209027,-30997.66,-14.83
R05,04 December,27835263,Train,top3,Random,196525,-46176.27,-23.5
R06,27 November,,Test,win,FastTrack,21235,-2867.05,-13.5
R06,27 November,,Test,win,Model,20470,-2030.54,-9.92
R06,27 November,,Test,win,Random,20470,-5201.55,-25.41
R06,27 November,,Test,top3,FastTrack,53896,-9033.4,-16.76
R06,27 November,,Test,top3,Model,51674,-7613.72,-14.73
R06,27 November,,Test,top3,Random,51674,-11761.7,-22.76
R06,27 November,,Train,win,FastTrack,49996,-7133.49,-14.27
R06,27 November,,Train,win,Model,48026,-6143.33,-12.79
R06,27 November,,Train,win,Random,48026,-12012.4,-25.01
R06,27 November,,Train,top3,FastTrack,126265,-20389.6,-16.15
R06,27 November,,Train,top3,Model,120976,-18135.2,-14.99
R06,27 November,,Train,top3,Random,120976,-27179.8,-22.47
R07,24 November,,Test,win,FastTrack,21595,-2839.96,-13.15
R07,24 November,,Test,win,Model,20820,-2401.39,-11.53
R07,24 November,,Test,win,Random,20820,-4661.88,-22.39
R07,24 November,,Test,top3,FastTrack,53968,-9031.52,-16.73
R07,24 November,,Test,top3,Model,51743,-7394.04,-14.29
R07,24 November,,Test,top3,Random,51743,-12246.1,-23.67
R07,24 November,,Train,win,FastTrack,50965,-7244.53,-14.21
R07,24 November,,Train,win,Model,48942,-5929.57,-12.12
R07,24 November,,Train,win,Random,48942,-10981.5,-22.44
R07,24 November,,Train,top3,FastTrack,126368,-20430.8,-16.17
R07,24 November,,Train,top3,Model,121065,-15784.7,-13.04
R07,24 November,,Train,top3,Random,121065,-27883.9,-23.03
R08,24 November,,Test,win,FastTrack,21441,-2823.11,-13.17
R08,24 November,,Test,win,Model,20673,-2342.13,-11.33
R08,24 November,,Test,win,Random,20673,-4627.88,-22.39
R08,24 November,,Test,top3,FastTrack,53560,-8993.07,-16.79
R08,24 November,,Test,top3,Model,51361,-7650.38,-14.9
R08,24 November,,Test,top3,Random,51361,-12155.1,-23.67
R08,24 November,,Train,win,FastTrack,50725,-7208.49,-14.21
R08,24 November,,Train,win,Model,48706,-6039.8,-12.4
R08,24 November,,Train,win,Random,48706,-10978.0,-22.54
R08,24 November,,Train,top3,FastTrack,125710,-20343.4,-16.18
R08,24 November,,Train,top3,Model,120436,-16676.5,-13.85
R08,24 November,,Train,top3,Random,120436,-27740.6,-23.03
R09,24 November,,Test,win,FastTrack,19756,-2583.26,-13.08
R09,24 November,,Test,win,Model,19054,-1989.05,-10.44
R09,24 November,,Test,win,Random,19054,-4056.1,-21.29
R09,24 November,,Test,top3,FastTrack,49148,-8531.02,-17.36
R09,24 November,,Test,top3,Model,47111,-6873.56,-14.59
R09,24 November,,Test,top3,Random,47111,-10846.2,-23.02
R09,24 November,,Train,win,FastTrack,47052,-6719.14,-14.28
R09,24 November,,Train,win,Model,45188,-6017.0,-13.32
R09,24 November,,Train,win,Random,45188,-9787.16,-21.66
R09,24 November,,Train,top3,FastTrack,116045,-18964.6,-16.34
R09,24 November,,Train,top3,Model,111172,-16349.3,-14.71
R09,24 November,,Train,top3,Random,111172,-25247.5,-22.71
R10,20 November,,Test,win,FastTrack,21751,-2878.69,-13.23
R10,20 November,,Test,win,Model,20968,-2485.44,-11.85
R10,20 November,,Test,win,Random,20968,-4682.58,-22.33
R10,20 November,,Test,top3,FastTrack,54358,-9142.05,-16.82
R10,20 November,,Test,top3,Model,52114,-8289.94,-15.91
R10,20 November,,Test,top3,Random,52114,-12378.1,-23.75
R10,20 November,,Train,win,FastTrack,51456,-7346.07,-14.28
R10,20 November,,Train,win,Model,49409,-6896.35,-13.96
R10,20 November,,Train,win,Random,49409,-11024.0,-22.31
R10,20 November,,Train,top3,FastTrack,127595,-20588.4,-16.14
R10,20 November,,Train,top3,Model,122245,-19342.1,-15.82
R10,20 November,,Train,top3,Random,122245,-28044.8,-22.94
R11,19 November,,Test,win,FastTrack,22841,-3000.4,-13.14
R11,19 November,,Test,win,Model,157440,-38097.1,-24.2
R11,19 November,,Test,win,Random,22000,-5065.42,-23.02
R11,19 November,,Test,top3,FastTrack,57095,-9607.01,-16.83
R11,19 November,,Test,top3,Model,156340,-38030.81,-24.33
R11,19 November,,Test,top3,Random,54709,-13109.06,-23.96
R11,19 November,,Train,win,FastTrack,55960,-7902.68,-14.12
R11,19 November,,Train,win,Model,383978,-86833.05,-22.61
R11,19 November,,Train,win,Random,53740,-12069.17,-22.46
R11,19 November,,Train,top3,FastTrack,139070,-22279.08,-16.02
R11,19 November,,Train,top3,Model,380449,-86039.89,-22.62
R11,19 November,,Train,top3,Random,133158,-29771.66,-22.36
